walk,n_minus,n_zero,n_plus,m_over_n
0,48,15,37,0.5550000000
1,75,5,20,0.7750000000
2,43,9,48,0.5250000000
3,5,6,89,0.9200000000
4,90,8,2,0.9400000000
5,1,2,97,0.9800000000
6,71,11,18,0.7650000000
7,0,1,99,0.9950000000
8,98,1,1,0.9850000000
9,57,9,34,0.6150000000
10,2,3,95,0.9650000000
11,70,8,22,0.7400000000
12,38,14,48,0.5500000000
13,88,6,6,0.9100000000
14,27,14,59,0.6600000000
15,6,8,86,0.9000000000
16,74,7,19,0.7750000000
17,32,5,63,0.6550000000
18,3,5,92,0.9450000000
19,77,10,13,0.8200000000
20,100,0,0,1.0000000000
21,57,5,38,0.5950000000
22,18,2,80,0.8100000000
23,1,1,98,0.9850000000
24,100,0,0,1.0000000000
25,0,3,97,0.9850000000
26,30,14,56,0.6300000000
27,91,7,2,0.9450000000
28,0,2,98,0.9900000000
29,97,2,1,0.9800000000
30,33,24,43,0.5500000000
31,2,6,92,0.9500000000
32,0,0,100,1.0000000000
33,0,3,97,0.9850000000
34,95,3,2,0.9650000000
35,61,7,32,0.6450000000
36,98,1,1,0.9850000000
37,96,3,1,0.9750000000
38,80,8,12,0.8400000000
39,52,4,44,0.5400000000
40,84,10,6,0.8900000000
41,36,14,50,0.5700000000
42,0,1,99,0.9950000000
43,61,6,33,0.6400000000
44,94,4,2,0.9600000000
45,95,3,2,0.9650000000
46,4,4,92,0.9400000000
47,52,5,43,0.5450000000
48,8,2,90,0.9100000000
49,84,7,9,0.8750000000
50,2,6,92,0.9500000000
51,20,8,72,0.7600000000
52,79,10,11,0.8400000000
53,78,9,13,0.8250000000
54,96,1,3,0.9650000000
55,3,3,94,0.9550000000
56,61,10,29,0.6600000000
57,100,0,0,1.0000000000
58,23,6,71,0.7400000000
59,11,4,85,0.8700000000
60,0,1,99,0.9950000000
61,60,22,18,0.7100000000
62,25,5,70,0.7250000000
63,43,2,55,0.5600000000
64,94,3,3,0.9550000000
65,71,16,13,0.7900000000
66,36,2,62,0.6300000000
67,65,18,17,0.7400000000
68,5,2,93,0.9400000000
69,0,1,99,0.9950000000
70,94,4,2,0.9600000000
71,7,11,82,0.8750000000
72,15,13,72,0.7850000000
73,96,3,1,0.9750000000
74,81,4,15,0.8300000000
75,17,11,72,0.7750000000
76,91,5,4,0.9350000000
77,75,9,16,0.7950000000
78,82,5,13,0.8450000000
79,44,11,45,0.5050000000
80,2,2,96,0.9700000000
81,23,13,64,0.7050000000
82,0,0,100,1.0000000000
83,46,16,38,0.5400000000
84,14,5,81,0.8350000000
85,75,4,21,0.7700000000
86,5,8,87,0.9100000000
87,0,0,100,1.0000000000
88,14,13,73,0.7950000000
89,1,1,98,0.9850000000
90,49,16,35,0.5700000000
91,0,0,100,1.0000000000
92,52,9,39,0.5650000000
93,20,13,67,0.7350000000
94,2,7,91,0.9450000000
95,60,12,28,0.6600000000
96,14,22,64,0.7500000000
97,59,14,27,0.6600000000
98,13,7,80,0.8350000000
99,0,0,100,1.0000000000
100,47,12,41,0.5300000000
101,93,3,4,0.9450000000
102,16,3,81,0.8250000000
103,79,12,9,0.8500000000
104,100,0,0,1.0000000000
105,63,3,34,0.6450000000
106,63,10,27,0.6800000000
107,81,12,7,0.8700000000
108,57,10,33,0.6200000000
109,97,2,1,0.9800000000
110,50,13,37,0.5650000000
111,96,3,1,0.9750000000
112,0,0,100,1.0000000000
113,66,14,20,0.7300000000
114,88,8,4,0.9200000000
115,18,11,71,0.7650000000
116,66,5,29,0.6850000000
117,70,4,26,0.7200000000
118,3,5,92,0.9450000000
119,86,4,10,0.8800000000
120,36,16,48,0.5600000000
121,1,4,95,0.9700000000
122,67,4,29,0.6900000000
123,13,3,84,0.8550000000
124,100,0,0,1.0000000000
125,54,3,43,0.5550000000
126,93,2,5,0.9400000000
127,28,4,68,0.7000000000
128,81,11,8,0.8650000000
129,1,6,93,0.9600000000
130,93,4,3,0.9500000000
131,100,0,0,1.0000000000
132,31,3,66,0.6750000000
133,70,13,17,0.7650000000
134,89,5,6,0.9150000000
135,0,2,98,0.9900000000
136,72,14,14,0.7900000000
137,60,10,30,0.6500000000
138,0,1,99,0.9950000000
139,37,14,49,0.5600000000
140,0,0,100,1.0000000000
141,3,3,94,0.9550000000
142,99,1,0,0.9950000000
143,59,12,29,0.6500000000
144,26,3,71,0.7250000000
145,38,22,40,0.5100000000
146,18,10,72,0.7700000000
147,33,12,55,0.6100000000
148,46,15,39,0.5350000000
149,4,4,92,0.9400000000
150,97,3,0,0.9850000000
151,100,0,0,1.0000000000
152,27,17,56,0.6450000000
153,3,9,88,0.9250000000
154,99,1,0,0.9950000000
155,66,15,19,0.7350000000
156,28,12,60,0.6600000000
157,49,8,43,0.5300000000
158,94,1,5,0.9450000000
159,18,10,72,0.7700000000
160,42,17,41,0.5050000000
161,51,9,40,0.5550000000
162,38,17,45,0.5350000000
163,7,13,80,0.8650000000
164,1,6,93,0.9600000000
165,87,6,7,0.9000000000
166,64,10,26,0.6900000000
167,100,0,0,1.0000000000
168,9,4,87,0.8900000000
169,1,7,92,0.9550000000
170,7,9,84,0.8850000000
171,100,0,0,1.0000000000
172,43,14,43,0.5000000000
173,32,11,57,0.6250000000
174,2,6,92,0.9500000000
175,35,9,56,0.6050000000
176,13,7,80,0.8350000000
177,93,3,4,0.9450000000
178,0,2,98,0.9900000000
179,16,11,73,0.7850000000
180,97,2,1,0.9800000000
181,75,9,16,0.7950000000
182,33,11,56,0.6150000000
183,41,18,41,0.5000000000
184,6,3,91,0.9250000000
185,0,0,100,1.0000000000
186,64,6,30,0.6700000000
187,74,14,12,0.8100000000
188,5,3,92,0.9350000000
189,76,11,13,0.8150000000
190,3,6,91,0.9400000000
191,60,15,25,0.6750000000
192,5,9,86,0.9050000000
193,50,10,40,0.5500000000
194,91,3,6,0.9250000000
195,42,7,51,0.5450000000
196,94,3,3,0.9550000000
197,9,3,88,0.8950000000
198,92,1,7,0.9250000000
199,56,6,38,0.5900000000
200,57,20,23,0.6700000000
201,87,6,7,0.9000000000
202,22,17,61,0.6950000000
203,100,0,0,1.0000000000
204,19,8,73,0.7700000000
205,80,3,17,0.8150000000
206,28,7,65,0.6850000000
207,10,8,82,0.8600000000
208,15,4,81,0.8300000000
209,27,12,61,0.6700000000
210,70,9,21,0.7450000000
211,94,1,5,0.9450000000
212,39,14,47,0.5400000000
213,28,11,61,0.6650000000
214,40,14,46,0.5300000000
215,98,1,1,0.9850000000
216,14,10,76,0.8100000000
217,0,0,100,1.0000000000
218,62,21,17,0.7250000000
219,1,3,96,0.9750000000
220,98,2,0,0.9900000000
221,14,7,79,0.8250000000
222,79,8,13,0.8300000000
223,84,10,6,0.8900000000
224,0,0,100,1.0000000000
225,45,11,44,0.5050000000
226,99,1,0,0.9950000000
227,0,0,100,1.0000000000
228,35,21,44,0.5450000000
229,38,9,53,0.5750000000
230,47,6,47,0.5000000000
231,90,7,3,0.9350000000
232,27,6,67,0.7000000000
233,47,10,43,0.5200000000
234,62,10,28,0.6700000000
235,72,12,16,0.7800000000
236,83,2,15,0.8400000000
237,18,16,66,0.7400000000
238,95,5,0,0.9750000000
239,76,8,16,0.8000000000
240,23,8,69,0.7300000000
241,73,7,20,0.7650000000
242,0,0,100,1.0000000000
243,81,6,13,0.8400000000
244,94,4,2,0.9600000000
245,60,18,22,0.6900000000
246,4,9,87,0.9150000000
247,33,5,62,0.6450000000
248,23,18,59,0.6800000000
249,1,4,95,0.9700000000
250,100,0,0,1.0000000000
251,12,4,84,0.8600000000
252,17,13,70,0.7650000000
253,95,4,1,0.9700000000
254,45,8,47,0.5100000000
255,82,7,11,0.8550000000
256,81,9,10,0.8550000000
257,1,4,95,0.9700000000
258,8,13,79,0.8550000000
259,1,5,94,0.9650000000
260,35,7,58,0.6150000000
261,1,1,98,0.9850000000
262,6,8,86,0.9000000000
263,42,14,44,0.5100000000
264,43,4,53,0.5500000000
265,3,5,92,0.9450000000
266,67,14,19,0.7400000000
267,46,22,32,0.5700000000
268,14,7,79,0.8250000000
269,1,4,95,0.9700000000
270,88,9,3,0.9250000000
271,14,11,75,0.8050000000
272,0,6,94,0.9700000000
273,76,13,11,0.8250000000
274,91,4,5,0.9300000000
275,0,0,100,1.0000000000
276,6,3,91,0.9250000000
277,67,6,27,0.7000000000
278,0,0,100,1.0000000000
279,2,3,95,0.9650000000
280,83,11,6,0.8850000000
281,4,2,94,0.9500000000
282,23,3,74,0.7550000000
283,11,13,76,0.8250000000
284,33,11,56,0.6150000000
285,100,0,0,1.0000000000
286,34,26,40,0.5300000000
287,66,10,24,0.7100000000
288,59,24,17,0.7100000000
289,2,5,93,0.9550000000
290,28,8,64,0.6800000000
291,17,13,70,0.7650000000
292,47,17,36,0.5550000000
293,35,10,55,0.6000000000
294,15,7,78,0.8150000000
295,100,0,0,1.0000000000
296,37,12,51,0.5700000000
297,7,3,90,0.9150000000
298,80,3,17,0.8150000000
299,75,8,17,0.7900000000
300,0,0,100,1.0000000000
301,79,10,11,0.8400000000
302,15,15,70,0.7750000000
303,70,13,17,0.7650000000
304,11,13,76,0.8250000000
305,4,9,87,0.9150000000
306,33,9,58,0.6250000000
307,19,4,77,0.7900000000
308,0,1,99,0.9950000000
309,5,6,89,0.9200000000
310,20,13,67,0.7350000000
311,90,7,3,0.9350000000
312,32,4,64,0.6600000000
313,39,19,42,0.5150000000
314,5,9,86,0.9050000000
315,100,0,0,1.0000000000
316,4,3,93,0.9450000000
317,44,7,49,0.5250000000
318,99,1,0,0.9950000000
319,86,4,10,0.8800000000
320,89,7,4,0.9250000000
321,99,1,0,0.9950000000
322,82,7,11,0.8550000000
323,0,0,100,1.0000000000
324,5,4,91,0.9300000000
325,78,10,12,0.8300000000
326,87,9,4,0.9150000000
327,1,3,96,0.9750000000
328,62,20,18,0.7200000000
329,5,4,91,0.9300000000
330,1,3,96,0.9750000000
331,2,7,91,0.9450000000
332,17,17,66,0.7450000000
333,34,9,57,0.6150000000
334,65,6,29,0.6800000000
335,64,1,35,0.6450000000
336,84,8,8,0.8800000000
337,25,7,68,0.7150000000
338,5,8,87,0.9100000000
339,47,3,50,0.5150000000
340,88,8,4,0.9200000000
341,72,7,21,0.7550000000
342,15,3,82,0.8350000000
343,55,21,24,0.6550000000
344,28,12,60,0.6600000000
345,84,8,8,0.8800000000
346,85,10,5,0.9000000000
347,86,8,6,0.9000000000
348,85,8,7,0.8900000000
349,46,4,50,0.5200000000
350,0,1,99,0.9950000000
351,67,14,19,0.7400000000
352,96,4,0,0.9800000000
353,98,1,1,0.9850000000
354,96,4,0,0.9800000000
355,80,7,13,0.8350000000
356,33,6,61,0.6400000000
357,15,7,78,0.8150000000
358,67,14,19,0.7400000000
359,30,14,56,0.6300000000
360,84,10,6,0.8900000000
361,47,6,47,0.5000000000
362,50,7,43,0.5350000000
363,80,3,17,0.8150000000
364,22,2,76,0.7700000000
365,17,14,69,0.7600000000
366,0,0,100,1.0000000000
367,2,13,85,0.9150000000
368,15,10,75,0.8000000000
369,41,21,38,0.5150000000
370,100,0,0,1.0000000000
371,90,8,2,0.9400000000
372,71,5,24,0.7350000000
373,61,5,34,0.6350000000
374,96,2,2,0.9700000000
375,2,4,94,0.9600000000
376,3,3,94,0.9550000000
377,43,15,42,0.5050000000
378,39,14,47,0.5400000000
379,25,14,61,0.6800000000
380,92,6,2,0.9500000000
381,6,5,89,0.9150000000
382,81,9,10,0.8550000000
383,52,9,39,0.5650000000
384,69,7,24,0.7250000000
385,98,2,0,0.9900000000
386,91,8,1,0.9500000000
387,52,17,31,0.6050000000
388,51,12,37,0.5700000000
389,99,1,0,0.9950000000
390,69,11,20,0.7450000000
391,53,5,42,0.5550000000
392,0,6,94,0.9700000000
393,96,1,3,0.9650000000
394,22,10,68,0.7300000000
395,92,5,3,0.9450000000
396,50,8,42,0.5400000000
397,58,2,40,0.5900000000
398,51,11,38,0.5650000000
399,6,7,87,0.9050000000
400,98,2,0,0.9900000000
401,59,14,27,0.6600000000
402,84,8,8,0.8800000000
403,11,4,85,0.8700000000
404,0,1,99,0.9950000000
405,54,9,37,0.5850000000
406,94,1,5,0.9450000000
407,71,8,21,0.7500000000
408,39,2,59,0.6000000000
409,0,2,98,0.9900000000
410,83,11,6,0.8850000000
411,33,5,62,0.6450000000
412,98,1,1,0.9850000000
413,92,2,6,0.9300000000
414,85,10,5,0.9000000000
415,16,7,77,0.8050000000
416,76,8,16,0.8000000000
417,69,6,25,0.7200000000
418,29,7,64,0.6750000000
419,9,16,75,0.8300000000
420,86,7,7,0.8950000000
421,7,5,88,0.9050000000
422,0,1,99,0.9950000000
423,17,16,67,0.7500000000
424,13,9,78,0.8250000000
425,53,9,38,0.5750000000
426,98,1,1,0.9850000000
427,0,0,100,1.0000000000
428,41,4,55,0.5700000000
429,12,4,84,0.8600000000
430,32,5,63,0.6550000000
431,6,11,83,0.8850000000
432,90,4,6,0.9200000000
433,85,11,4,0.9050000000
434,67,11,22,0.7250000000
435,100,0,0,1.0000000000
436,0,1,99,0.9950000000
437,87,5,8,0.8950000000
438,4,3,93,0.9450000000
439,89,7,4,0.9250000000
440,11,10,79,0.8400000000
441,22,22,56,0.6700000000
442,4,5,91,0.9350000000
443,3,1,96,0.9650000000
444,23,14,63,0.7000000000
445,19,11,70,0.7550000000
446,22,18,60,0.6900000000
447,86,9,5,0.9050000000
448,33,8,59,0.6300000000
449,20,3,77,0.7850000000
450,91,4,5,0.9300000000
451,60,11,29,0.6550000000
452,0,2,98,0.9900000000
453,47,8,45,0.5100000000
454,20,8,72,0.7600000000
455,52,18,30,0.6100000000
456,78,5,17,0.8050000000
457,62,13,25,0.6850000000
458,1,1,98,0.9850000000
459,43,15,42,0.5050000000
460,96,2,2,0.9700000000
461,100,0,0,1.0000000000
462,96,1,3,0.9650000000
463,0,2,98,0.9900000000
464,99,1,0,0.9950000000
465,50,15,35,0.5750000000
466,37,10,53,0.5800000000
467,19,10,71,0.7600000000
468,1,1,98,0.9850000000
469,99,1,0,0.9950000000
470,47,7,46,0.5050000000
471,76,4,20,0.7800000000
472,18,9,73,0.7750000000
473,99,1,0,0.9950000000
474,79,9,12,0.8350000000
475,1,4,95,0.9700000000
476,33,10,57,0.6200000000
477,27,9,64,0.6850000000
478,61,3,36,0.6250000000
479,3,8,89,0.9300000000
480,33,6,61,0.6400000000
481,54,15,31,0.6150000000
482,100,0,0,1.0000000000
483,0,0,100,1.0000000000
484,31,14,55,0.6200000000
485,40,13,47,0.5350000000
486,3,6,91,0.9400000000
487,14,9,77,0.8150000000
488,94,4,2,0.9600000000
489,69,16,15,0.7700000000
490,25,8,67,0.7100000000
491,70,14,16,0.7700000000
492,0,3,97,0.9850000000
493,99,1,0,0.9950000000
494,31,5,64,0.6650000000
495,48,7,45,0.5150000000
496,27,18,55,0.6400000000
497,15,14,71,0.7800000000
498,59,2,39,0.6000000000
499,39,8,53,0.5700000000
500,98,2,0,0.9900000000
501,0,1,99,0.9950000000
502,47,20,33,0.5700000000
503,0,0,100,1.0000000000
504,75,9,16,0.7950000000
505,38,14,48,0.5500000000
506,30,8,62,0.6600000000
507,30,10,60,0.6500000000
508,4,5,91,0.9350000000
509,84,9,7,0.8850000000
510,24,9,67,0.7150000000
511,3,6,91,0.9400000000
512,56,15,29,0.6350000000
513,5,10,85,0.9000000000
514,70,15,15,0.7750000000
515,78,12,10,0.8400000000
516,72,8,20,0.7600000000
517,82,3,15,0.8350000000
518,5,10,85,0.9000000000
519,72,7,21,0.7550000000
520,98,1,1,0.9850000000
521,12,11,77,0.8250000000
522,96,3,1,0.9750000000
523,62,5,33,0.6450000000
524,88,5,7,0.9050000000
525,91,6,3,0.9400000000
526,98,1,1,0.9850000000
527,22,12,66,0.7200000000
528,1,3,96,0.9750000000
529,80,6,14,0.8300000000
530,55,13,32,0.6150000000
531,38,12,50,0.5600000000
532,18,12,70,0.7600000000
533,90,1,9,0.9050000000
534,52,6,42,0.5500000000
535,32,15,53,0.6050000000
536,76,6,18,0.7900000000
537,0,0,100,1.0000000000
538,36,12,52,0.5800000000
539,0,4,96,0.9800000000
540,38,20,42,0.5200000000
541,53,14,33,0.6000000000
542,31,9,60,0.6450000000
543,68,11,21,0.7350000000
544,40,14,46,0.5300000000
545,99,1,0,0.9950000000
546,1,2,97,0.9800000000
547,1,1,98,0.9850000000
548,88,5,7,0.9050000000
549,59,16,25,0.6700000000
550,100,0,0,1.0000000000
551,59,9,32,0.6350000000
552,23,8,69,0.7300000000
553,11,5,84,0.8650000000
554,27,11,62,0.6750000000
555,27,9,64,0.6850000000
556,2,4,94,0.9600000000
557,98,1,1,0.9850000000
558,64,7,29,0.6750000000
559,3,6,91,0.9400000000
560,64,7,29,0.6750000000
561,72,10,18,0.7700000000
562,26,4,70,0.7200000000
563,88,8,4,0.9200000000
564,57,13,30,0.6350000000
565,1,3,96,0.9750000000
566,4,8,88,0.9200000000
567,30,13,57,0.6350000000
568,15,11,74,0.7950000000
569,14,6,80,0.8300000000
570,0,0,100,1.0000000000
571,68,13,19,0.7450000000
572,0,0,100,1.0000000000
573,100,0,0,1.0000000000
574,0,6,94,0.9700000000
575,42,4,54,0.5600000000
576,50,14,36,0.5700000000
577,18,15,67,0.7450000000
578,70,7,23,0.7350000000
579,40,13,47,0.5350000000
580,100,0,0,1.0000000000
581,3,8,89,0.9300000000
582,21,11,68,0.7350000000
583,4,5,91,0.9350000000
584,8,8,84,0.8800000000
585,12,6,82,0.8500000000
586,42,11,47,0.5250000000
587,100,0,0,1.0000000000
588,15,5,80,0.8250000000
589,63,14,23,0.7000000000
590,17,9,74,0.7850000000
591,59,15,26,0.6650000000
592,38,11,51,0.5650000000
593,65,17,18,0.7350000000
594,15,2,83,0.8400000000
595,30,9,61,0.6550000000
596,100,0,0,1.0000000000
597,76,11,13,0.8150000000
598,100,0,0,1.0000000000
599,77,13,10,0.8350000000
600,77,11,12,0.8250000000
601,0,2,98,0.9900000000
602,93,3,4,0.9450000000
603,15,9,76,0.8050000000
604,76,16,8,0.8400000000
605,75,10,15,0.8000000000
606,63,6,31,0.6600000000
607,79,14,7,0.8600000000
608,16,12,72,0.7800000000
609,94,4,2,0.9600000000
610,17,8,75,0.7900000000
611,21,5,74,0.7650000000
612,94,1,5,0.9450000000
613,76,14,10,0.8300000000
614,1,1,98,0.9850000000
615,69,13,18,0.7550000000
616,0,0,100,1.0000000000
617,3,1,96,0.9650000000
618,1,7,92,0.9550000000
619,40,9,51,0.5550000000
620,100,0,0,1.0000000000
621,0,1,99,0.9950000000
622,93,6,1,0.9600000000
623,13,16,71,0.7900000000
624,8,15,77,0.8450000000
625,12,5,83,0.8550000000
626,100,0,0,1.0000000000
627,78,11,11,0.8350000000
628,20,19,61,0.7050000000
629,21,18,61,0.7000000000
630,91,5,4,0.9350000000
631,66,5,29,0.6850000000
632,100,0,0,1.0000000000
633,13,13,74,0.8050000000
634,14,5,81,0.8350000000
635,67,5,28,0.6950000000
636,81,4,15,0.8300000000
637,90,6,4,0.9300000000
638,3,7,90,0.9350000000
639,79,3,18,0.8050000000
640,94,2,4,0.9500000000
641,68,12,20,0.7400000000
642,99,1,0,0.9950000000
643,91,7,2,0.9450000000
644,3,4,93,0.9500000000
645,0,0,100,1.0000000000
646,99,1,0,0.9950000000
647,4,3,93,0.9450000000
648,99,1,0,0.9950000000
649,96,3,1,0.9750000000
650,25,13,62,0.6850000000
651,95,3,2,0.9650000000
652,91,4,5,0.9300000000
653,83,5,12,0.8550000000
654,81,6,13,0.8400000000
655,0,0,100,1.0000000000
656,1,2,97,0.9800000000
657,0,2,98,0.9900000000
658,20,6,74,0.7700000000
659,2,3,95,0.9650000000
660,5,3,92,0.9350000000
661,24,14,62,0.6900000000
662,67,16,17,0.7500000000
663,84,3,13,0.8550000000
664,66,14,20,0.7300000000
665,8,10,82,0.8700000000
666,19,18,63,0.7200000000
667,59,10,31,0.6400000000
668,61,10,29,0.6600000000
669,35,7,58,0.6150000000
670,91,7,2,0.9450000000
671,5,3,92,0.9350000000
672,82,11,7,0.8750000000
673,91,6,3,0.9400000000
674,0,2,98,0.9900000000
675,93,3,4,0.9450000000
676,5,9,86,0.9050000000
677,87,3,10,0.8850000000
678,9,14,77,0.8400000000
679,58,4,38,0.6000000000
680,35,12,53,0.5900000000
681,6,9,85,0.8950000000
682,96,1,3,0.9650000000
683,1,1,98,0.9850000000
684,1,3,96,0.9750000000
685,94,4,2,0.9600000000
686,30,15,55,0.6250000000
687,46,11,43,0.5150000000
688,40,11,49,0.5450000000
689,13,14,73,0.8000000000
690,6,3,91,0.9250000000
691,28,13,59,0.6550000000
692,0,0,100,1.0000000000
693,90,8,2,0.9400000000
694,40,22,38,0.5100000000
695,9,15,76,0.8350000000
696,45,8,47,0.5100000000
697,64,3,33,0.6550000000
698,1,2,97,0.9800000000
699,99,1,0,0.9950000000
700,91,2,7,0.9200000000
701,6,6,88,0.9100000000
702,23,4,73,0.7500000000
703,69,10,21,0.7400000000
704,45,13,42,0.5150000000
705,61,12,27,0.6700000000
706,100,0,0,1.0000000000
707,3,11,86,0.9150000000
708,46,15,39,0.5350000000
709,94,5,1,0.9650000000
710,8,2,90,0.9100000000
711,9,3,88,0.8950000000
712,86,6,8,0.8900000000
713,66,14,20,0.7300000000
714,53,9,38,0.5750000000
715,33,9,58,0.6250000000
716,3,5,92,0.9450000000
717,79,7,14,0.8250000000
718,2,2,96,0.9700000000
719,0,0,100,1.0000000000
720,56,8,36,0.6000000000
721,47,10,43,0.5200000000
722,1,6,93,0.9600000000
723,12,8,80,0.8400000000
724,83,9,8,0.8750000000
725,50,14,36,0.5700000000
726,4,4,92,0.9400000000
727,7,6,87,0.9000000000
728,8,12,80,0.8600000000
729,56,10,34,0.6100000000
730,86,12,2,0.9200000000
731,42,9,49,0.5350000000
732,0,4,96,0.9800000000
733,28,8,64,0.6800000000
734,56,16,28,0.6400000000
735,2,5,93,0.9550000000
736,87,6,7,0.9000000000
737,68,11,21,0.7350000000
738,12,10,78,0.8300000000
739,91,4,5,0.9300000000
740,55,5,40,0.5750000000
741,21,7,72,0.7550000000
742,21,10,69,0.7400000000
743,0,0,100,1.0000000000
744,3,5,92,0.9450000000
745,99,1,0,0.9950000000
746,89,9,2,0.9350000000
747,93,6,1,0.9600000000
748,54,9,37,0.5850000000
749,65,20,15,0.7500000000
750,7,7,86,0.8950000000
751,64,18,18,0.7300000000
752,0,0,100,1.0000000000
753,11,4,85,0.8700000000
754,19,1,80,0.8050000000
755,98,2,0,0.9900000000
756,10,10,80,0.8500000000
757,92,7,1,0.9550000000
758,49,15,36,0.5650000000
759,0,0,100,1.0000000000
760,100,0,0,1.0000000000
761,6,2,92,0.9300000000
762,12,5,83,0.8550000000
763,62,8,30,0.6600000000
764,45,10,45,0.5000000000
765,100,0,0,1.0000000000
766,87,8,5,0.9100000000
767,72,3,25,0.7350000000
768,0,0,100,1.0000000000
769,100,0,0,1.0000000000
770,70,5,25,0.7250000000
771,0,3,97,0.9850000000
772,91,5,4,0.9350000000
773,77,6,17,0.8000000000
774,1,2,97,0.9800000000
775,100,0,0,1.0000000000
776,60,6,34,0.6300000000
777,22,4,74,0.7600000000
778,84,6,10,0.8700000000
779,81,10,9,0.8600000000
780,0,1,99,0.9950000000
781,44,15,41,0.5150000000
782,9,6,85,0.8800000000
783,78,11,11,0.8350000000
784,43,7,50,0.5350000000
785,13,10,77,0.8200000000
786,84,2,14,0.8500000000
787,49,6,45,0.5200000000
788,83,10,7,0.8800000000
789,1,1,98,0.9850000000
790,87,7,6,0.9050000000
791,68,8,24,0.7200000000
792,95,4,1,0.9700000000
793,1,3,96,0.9750000000
794,97,2,1,0.9800000000
795,10,13,77,0.8350000000
796,73,6,21,0.7600000000
797,57,8,35,0.6100000000
798,16,19,65,0.7450000000
799,96,3,1,0.9750000000
800,49,10,41,0.5400000000
801,30,11,59,0.6450000000
802,95,4,1,0.9700000000
803,18,13,69,0.7550000000
804,39,8,53,0.5700000000
805,8,5,87,0.8950000000
806,2,4,94,0.9600000000
807,22,9,69,0.7350000000
808,7,7,86,0.8950000000
809,86,7,7,0.8950000000
810,59,5,36,0.6150000000
811,74,11,15,0.7950000000
812,77,12,11,0.8300000000
813,10,10,80,0.8500000000
814,54,8,38,0.5800000000
815,83,8,9,0.8700000000
816,24,2,74,0.7500000000
817,8,12,80,0.8600000000
818,62,13,25,0.6850000000
819,96,3,1,0.9750000000
820,59,8,33,0.6300000000
821,41,14,45,0.5200000000
822,45,16,39,0.5300000000
823,1,4,95,0.9700000000
824,25,10,65,0.7000000000
825,76,5,19,0.7850000000
826,100,0,0,1.0000000000
827,0,0,100,1.0000000000
828,0,0,100,1.0000000000
829,35,16,49,0.5700000000
830,100,0,0,1.0000000000
831,2,4,94,0.9600000000
832,0,1,99,0.9950000000
833,39,24,37,0.5100000000
834,26,7,67,0.7050000000
835,11,7,82,0.8550000000
836,32,10,58,0.6300000000
837,53,16,31,0.6100000000
838,46,6,48,0.5100000000
839,8,8,84,0.8800000000
840,69,2,29,0.7000000000
841,2,5,93,0.9550000000
842,100,0,0,1.0000000000
843,23,23,54,0.6550000000
844,26,16,58,0.6600000000
845,69,10,21,0.7400000000
846,98,1,1,0.9850000000
847,100,0,0,1.0000000000
848,6,9,85,0.8950000000
849,13,12,75,0.8100000000
850,89,5,6,0.9150000000
851,47,6,47,0.5000000000
852,33,15,52,0.5950000000
853,23,8,69,0.7300000000
854,53,19,28,0.6250000000
855,62,4,34,0.6400000000
856,80,7,13,0.8350000000
857,14,9,77,0.8150000000
858,92,4,4,0.9400000000
859,0,0,100,1.0000000000
860,77,4,19,0.7900000000
861,17,5,78,0.8050000000
862,32,16,52,0.6000000000
863,90,4,6,0.9200000000
864,37,7,56,0.5950000000
865,100,0,0,1.0000000000
866,0,2,98,0.9900000000
867,96,3,1,0.9750000000
868,58,19,23,0.6750000000
869,3,3,94,0.9550000000
870,0,1,99,0.9950000000
871,8,5,87,0.8950000000
872,34,18,48,0.5700000000
873,89,7,4,0.9250000000
874,26,10,64,0.6900000000
875,95,4,1,0.9700000000
876,0,1,99,0.9950000000
877,7,3,90,0.9150000000
878,74,9,17,0.7850000000
879,3,4,93,0.9500000000
880,88,5,7,0.9050000000
881,76,19,5,0.8550000000
882,60,4,36,0.6200000000
883,83,4,13,0.8500000000
884,74,10,16,0.7900000000
885,86,4,10,0.8800000000
886,75,3,22,0.7650000000
887,59,13,28,0.6550000000
888,69,5,26,0.7150000000
889,81,6,13,0.8400000000
890,71,5,24,0.7350000000
891,31,6,63,0.6600000000
892,46,11,43,0.5150000000
893,35,30,35,0.5000000000
894,36,11,53,0.5850000000
895,91,5,4,0.9350000000
896,89,8,3,0.9300000000
897,96,3,1,0.9750000000
898,7,6,87,0.9000000000
899,6,3,91,0.9250000000
900,0,1,99,0.9950000000
901,17,5,78,0.8050000000
902,87,8,5,0.9100000000
903,6,9,85,0.8950000000
904,84,4,12,0.8600000000
905,22,8,70,0.7400000000
906,85,9,6,0.8950000000
907,85,4,11,0.8700000000
908,2,4,94,0.9600000000
909,7,6,87,0.9000000000
910,65,8,27,0.6900000000
911,100,0,0,1.0000000000
912,15,13,72,0.7850000000
913,67,7,26,0.7050000000
914,41,7,52,0.5550000000
915,42,16,42,0.5000000000
916,47,22,31,0.5800000000
917,0,1,99,0.9950000000
918,0,1,99,0.9950000000
919,19,19,62,0.7150000000
920,37,6,57,0.6000000000
921,14,8,78,0.8200000000
922,53,23,24,0.6450000000
923,6,10,84,0.8900000000
924,60,15,25,0.6750000000
925,75,12,13,0.8100000000
926,12,7,81,0.8450000000
927,66,20,14,0.7600000000
928,0,1,99,0.9950000000
929,47,2,51,0.5200000000
930,8,9,83,0.8750000000
931,87,10,3,0.9200000000
932,46,5,49,0.5150000000
933,1,3,96,0.9750000000
934,1,1,98,0.9850000000
935,13,6,81,0.8400000000
936,60,9,31,0.6450000000
937,0,0,100,1.0000000000
938,75,7,18,0.7850000000
939,4,9,87,0.9150000000
940,16,4,80,0.8200000000
941,18,9,73,0.7750000000
942,96,4,0,0.9800000000
943,56,18,26,0.6500000000
944,56,9,35,0.6050000000
945,68,13,19,0.7450000000
946,1,3,96,0.9750000000
947,70,11,19,0.7550000000
948,3,4,93,0.9500000000
949,1,1,98,0.9850000000
950,1,1,98,0.9850000000
951,13,9,78,0.8250000000
952,60,14,26,0.6700000000
953,1,1,98,0.9850000000
954,22,5,73,0.7550000000
955,38,9,53,0.5750000000
956,71,3,26,0.7250000000
957,1,1,98,0.9850000000
958,87,10,3,0.9200000000
959,92,3,5,0.9350000000
960,71,8,21,0.7500000000
961,43,13,44,0.5050000000
962,73,6,21,0.7600000000
963,61,17,22,0.6950000000
964,27,6,67,0.7000000000
965,100,0,0,1.0000000000
966,4,5,91,0.9350000000
967,38,6,56,0.5900000000
968,13,5,82,0.8450000000
969,14,19,67,0.7650000000
970,69,9,22,0.7350000000
971,3,14,83,0.9000000000
972,93,4,3,0.9500000000
973,90,4,6,0.9200000000
974,10,5,85,0.8750000000
975,77,7,16,0.8050000000
976,12,14,74,0.8100000000
977,27,14,59,0.6600000000
978,11,7,82,0.8550000000
979,95,5,0,0.9750000000
980,20,14,66,0.7300000000
981,10,12,78,0.8400000000
982,93,3,4,0.9450000000
983,33,16,51,0.5900000000
984,58,12,30,0.6400000000
985,95,4,1,0.9700000000
986,15,6,79,0.8200000000
987,7,11,82,0.8750000000
988,1,2,97,0.9800000000
989,0,1,99,0.9950000000
990,58,12,30,0.6400000000
991,93,7,0,0.9650000000
992,79,15,6,0.8650000000
993,7,9,84,0.8850000000
994,34,20,46,0.5600000000
995,29,13,58,0.6450000000
996,38,22,40,0.5100000000
997,87,7,6,0.9050000000
998,94,4,2,0.9600000000
999,10,12,78,0.8400000000
