walk,sec0,sec1,sec2,sec3,sec4,sec5,sec6,sec7
0,5105,7747,109,18,67665,18206,418,172
1,10573,284,52435,2292,21583,746,6489,4432
2,8812,67182,682,9367,0,807,12,12714
3,821,10,48,20,98942,1,4,44
4,597,1671,87693,8345,46,463,750,14
5,32628,2760,4998,0,26560,0,32264,0
6,0,0,0,536,0,7496,2206,89522
7,62620,26,27703,91,7230,0,1756,0
8,1088,8398,16,904,3174,17590,518,67792
9,32335,785,43383,19435,85,289,0,2657
10,17,12994,31,1846,1297,14556,74,68405
11,32966,626,65420,2,166,133,343,14
12,405,0,1283,3,525,0,97658,0
13,256,7,41,8033,634,5360,3439,81597
14,287,0,451,32,18786,54597,3340,21655
15,7743,91038,1,0,141,919,0,4
16,50180,16072,6727,4281,16183,3339,2037,67
17,5676,67,1,2220,38466,23306,3298,26013
18,23,10431,1,17256,748,4159,2,66897
19,29154,7456,45042,6261,5298,48,6004,9
20,2647,1928,1017,473,10390,82147,0,687
21,0,5,1328,57,4,110,94474,3525
22,49882,41735,2043,12,1130,0,4602,94
23,57602,1597,812,81,23989,12077,1804,1410
24,85213,4,13594,24,647,0,61,0
25,56946,2,40916,218,351,0,1115,0
26,5084,30149,2452,9820,15581,33179,28,2601
27,93580,1,3802,2,2327,0,0,0
28,3445,3337,1976,20,59652,1188,29940,22
29,15831,7235,35555,12276,5405,22,22560,2
30,207,9563,4,2714,22233,45211,1607,17725
31,7655,8754,46150,21505,118,303,11030,3248
32,0,240,44823,45987,0,680,4931,2374
33,1818,61071,0,22577,2185,8732,30,2715
34,218,547,24077,51537,1,115,177,22695
35,9752,59289,894,0,9719,18855,402,275
36,5359,64675,86,29435,0,0,0,0
37,3576,3311,15684,62130,7274,200,4646,2418
38,82406,13172,35,0,3452,388,0,0
39,189,37,10788,1280,27532,1561,55620,2165
40,6,23,11,23,1107,70796,2704,24914
41,8078,3215,1565,2596,47525,7677,22775,5752
42,0,23,44,41,20928,13539,16939,47894
43,3463,152,20885,14588,1,233,416,59519
44,2,6121,9,10632,501,46835,409,34585
45,1,137,13897,0,15304,249,69779,230
46,59249,27613,97,391,1816,10016,0,356
47,55,1224,38,60995,8893,17638,609,10126
48,21,38,1,24766,3862,7130,2722,60885
49,37947,21837,23489,9331,1278,78,4212,613
50,2,0,83,4,1,0,33622,66061
51,318,3,28692,26205,687,6,11057,32052
52,1963,2,17375,4,28,0,80387,0
53,28819,20082,476,375,46546,1773,160,739
54,1232,4729,665,14375,60,637,466,77387
55,16687,26465,0,0,6695,42721,786,6172
56,1,3332,2,76522,41,416,2072,17210
57,142,44723,6,27028,195,521,97,26783
58,1077,2022,7886,13589,978,7665,6973,58618
59,1567,0,9722,68698,841,1019,3777,13925
60,55727,64,398,16,43258,0,148,0
61,1,5155,0,31,47292,46661,0,346
62,31675,814,0,0,40586,25476,904,3
63,11956,1,4870,42,67207,0,15467,0
64,2,0,77,0,10856,0,80404,8291
65,1350,2757,1489,1615,2574,89147,390,384
66,140,861,49554,22143,1,398,20275,5553
67,2691,11479,46759,7274,5389,4426,13016,7378
68,2,3360,13,48904,0,28152,5,18729
69,7457,84923,1039,4467,152,943,529,5
70,39150,9878,23956,18466,0,7312,0,283
71,1252,902,187,8063,30,288,272,88401
72,31625,24565,9055,4919,329,24641,13,4278
73,42108,0,28387,4356,1532,2,18107,4840
74,3514,42963,54,44379,0,8311,0,405
75,1614,44,105,33,87587,10318,0,0
76,24889,7132,9057,3023,16345,25888,3380,9191
77,0,2971,395,23316,2,4,522,72448
78,0,49518,48,8400,0,34722,0,6556
79,15587,214,4058,1153,73952,3521,673,140
80,2,5148,49812,38978,0,6,155,5264
81,18211,24347,9588,47169,11,12,1,30
82,33918,13274,6295,1256,36122,1634,6186,89
83,38984,40,53449,123,6372,63,477,3
84,2028,1250,1226,93956,0,0,0,1336
85,2178,22091,9445,54980,102,0,10356,0
86,2111,73,15,81,11963,289,83938,956
87,56002,2406,295,0,35806,4899,54,0
88,49186,43456,1466,2620,294,525,1026,736
89,4,154,50589,3,506,2730,5844,39811
90,1011,6436,5805,19207,3875,16572,5045,40765
91,10185,7420,0,1,17173,46909,9245,7947
92,11841,57033,3294,22115,876,1155,1005,1529
93,2435,1576,0,942,42039,43650,2,8653
94,5132,125,497,403,92954,5,492,130
95,6831,12024,499,18310,1662,0,30749,28707
96,249,122,611,16527,14555,13136,13260,40581
97,595,1085,644,745,176,76064,1264,18765
98,6,25767,9,1,5106,68081,97,480
99,33,0,24381,62108,17,4,4708,7883
100,9468,1104,86359,1547,198,356,145,148
101,29019,40685,32,1051,15239,6488,2210,4215
102,546,1037,53857,31360,267,1688,757,9534
103,2644,268,725,15266,1294,15538,342,62603
104,14490,6335,9133,65729,2277,995,492,0
105,11226,24658,1885,112,19373,40356,133,122
106,108,75,1431,455,37532,3972,46015,10139
107,201,35,372,3397,749,34214,1772,58515
108,2113,25089,1461,10307,306,28202,323,31001
109,40204,194,842,394,49700,407,1586,5817
110,7075,23034,203,5528,59876,3099,0,591
111,10948,3495,215,33802,7149,43764,15,48
112,14,5829,6,20,11444,79178,272,2890
113,6529,26266,12215,21073,976,29056,2799,360
114,44,618,1861,703,50539,5034,38462,1860
115,0,1264,1,6157,6915,6014,9126,69959
116,0,61275,36,15546,0,3771,30,18650
117,326,15246,284,5,18025,61068,410,3266
118,71654,43,13861,0,4670,47,9100,0
119,0,0,2,31,24939,747,71363,2706
120,0,0,0,2269,103,7,20519,76433
121,9,48,7760,8731,0,1,49599,33142
122,2,31335,8,1070,23,17303,26,49624
123,52278,11177,14151,326,1846,13684,5701,14
124,5,24,75,78405,0,1029,24,20319
125,129,4932,745,7005,8081,66168,0,12387
126,50965,23944,13721,7183,606,543,449,1874
127,4748,31969,322,179,2762,59492,0,0
128,0,4,20539,4566,9,46,72174,1970
129,0,487,56258,32372,39,1011,5477,3212
130,8307,11270,3272,28920,170,977,22898,22983
131,0,878,459,14118,4861,4415,11007,63264
132,1142,7842,9115,8978,5,4387,24,67977
133,45744,3914,9,0,35732,10908,2903,1
134,4073,221,5,79,62018,13514,6868,12322
135,6211,0,11787,0,22105,48692,10524,5
136,22453,19538,30047,24536,2476,69,21,10
137,5444,1423,24601,27354,11879,4044,8144,16325
138,3368,45479,2511,3517,24,44131,19,477
139,72927,7,0,0,26233,156,135,1
140,1438,150,995,10670,5899,398,40843,38892
141,1377,41982,6494,35829,317,37,653,12352
142,0,0,43073,21,164,598,45880,9791
143,40473,15443,34130,9183,0,135,0,0
144,0,0,503,654,2957,3,8810,86810
145,1,750,1,16184,3436,41875,1661,35150
146,37368,7705,14934,1386,12207,2143,8823,13971
147,263,2411,39,11,13488,38317,37112,7494
148,0,39276,2866,14849,0,34932,511,6662
149,353,5,38501,1,6098,95,54043,1
150,5272,280,654,1557,6205,77294,673,7095
151,70270,507,3359,0,11139,10740,2019,1175
152,530,26536,0,9243,6,50083,0,12394
153,11619,0,34778,3594,4594,0,43479,780
154,35725,866,28152,38,24139,33,7557,2822
155,34,62,37,1051,13724,48377,17128,18372
156,0,7685,121,20221,66,5998,41209,23944
157,359,506,4841,941,3201,32,67902,21670
158,3222,8400,13664,23460,177,14,24015,25660
159,1449,26681,251,24097,1102,8418,10284,26884
160,3812,0,4367,4,17508,70760,3309,44
161,21425,19667,39225,17246,937,3,204,37
162,289,747,19,132,5741,44456,4949,42805
163,21460,75094,328,9,1685,325,552,22
164,2,0,9,0,4139,1939,12797,80936
165,123,95,139,116,681,1471,27374,69261
166,5901,41241,1099,1605,636,42873,94,5706
167,595,1788,626,2744,29261,7846,34525,21699
168,13093,2788,23391,5766,7611,1860,42810,1263
169,437,1402,6869,7743,318,5346,33284,43829
170,1503,0,3153,1,7614,11220,17422,58310
171,0,0,0,0,1,5,4461,95422
172,50138,22210,1321,8574,16327,254,4,212
173,110,24677,586,5031,3,68304,29,603
174,3539,72688,667,4794,206,9911,226,7142
175,34,243,3,0,9162,84072,818,5009
176,159,4952,55420,14178,81,415,17506,6275
177,3952,1641,0,7,53482,40428,1,4
178,29722,2522,6,203,37775,19162,9902,0
179,3,997,195,7804,2351,263,32776,54772
180,1597,147,766,5829,146,63546,33,27553
181,0,2160,66,29,17344,33203,34734,11388
182,31327,341,2880,49979,27,0,7976,6813
183,4553,415,64298,963,10573,8591,8693,998
184,29,30708,19,41427,921,16414,12,9508
185,28888,16157,0,21591,15211,10348,0,6580
186,0,0,3371,1144,149,0,64187,30638
187,20015,383,78348,1,729,1,9,38
188,9209,56378,91,16254,3286,13831,1,1
189,8,46,804,6055,734,1,74042,17734
190,40549,28707,8521,14074,0,0,116,7136
191,9018,835,61364,22423,412,736,4009,391
192,61718,3466,5208,5,8172,1,13255,7040
193,35041,35682,1990,725,8110,14942,2189,288
194,147,6294,8006,4866,12916,10130,45105,11393
195,38096,1878,14762,2873,32156,271,8988,129
196,95,13728,757,4644,1739,68779,349,9256
197,0,773,176,1632,58712,10235,11124,16387
198,8238,4943,81385,4732,151,16,24,41
199,2947,92966,416,280,1860,93,1112,81
200,4733,0,84189,0,401,1393,8364,210
201,2,890,18,82,10882,63102,685,23437
202,19504,2242,59609,13713,484,63,3646,0
203,3,83495,6921,5449,0,1746,706,976
204,43989,4037,67,16,50652,268,415,62
205,15016,45578,20104,16579,0,1233,0,252
206,6511,27761,29576,595,13018,18081,3665,0
207,69530,8343,16527,333,2415,0,2188,49
208,2755,96334,13,0,234,452,1,0
209,9941,89353,27,181,45,14,0,1
210,0,31,428,44,7593,12227,59918,18867
211,11,99,1674,97050,18,193,190,479
212,0,0,6825,54712,6,136,5507,32555
213,90,17938,0,36470,33,6046,0,38539
214,7211,4253,0,72514,12386,2449,302,36
215,54694,8619,1008,118,33341,1367,23,188
216,4440,659,5089,392,5,198,88504,160
217,3114,1817,32789,23223,4,6,13449,24907
218,14,229,2484,84066,828,5,5374,6533
219,32045,558,4346,163,42869,542,18304,124
220,11,16,27893,31704,7,291,38370,1159
221,0,43939,31,5394,0,46471,1,3397
222,17,38452,0,56511,359,2418,0,1259
223,7671,0,977,0,81081,8079,211,1351
224,3,38,0,0,2907,54668,15529,25599
225,313,65561,4330,26755,1116,0,1371,40
226,0,0,18879,3623,46552,1101,27817,1431
227,39,1246,4,1998,1,58532,0,37702
228,4295,64,39359,140,2768,55,52298,100
229,2760,482,18257,593,25940,303,46481,3998
230,410,2929,44554,51015,12,0,138,739
231,17573,222,280,12,40890,281,39075,1178
232,337,2508,22842,52826,0,0,20986,0
233,3327,59714,36,0,16870,11138,7510,449
234,2061,0,13302,30075,1383,2731,30354,19463
235,238,476,3671,43,39165,3966,35006,16279
236,1248,296,29456,43,18720,1963,47489,12
237,3544,459,40,15,9817,23543,35750,25921
238,1,0,3,5,98,2154,9249,87985
239,160,4433,1,68731,324,2902,30,22670
240,623,312,12,16,10490,50121,17578,20103
241,0,31,429,97292,0,7,1,2134
242,11100,351,14677,116,14166,423,58439,324
243,67290,27433,2111,300,1898,150,513,8
244,581,9582,6330,25620,10336,15233,23051,8193
245,1053,2184,7163,39945,14615,4317,14213,15809
246,4352,148,66823,5129,3134,753,16381,2295
247,20817,4767,10562,458,9080,40512,3300,9334
248,15123,7733,24022,35148,11898,849,3712,154
249,0,372,6,740,1,48924,2367,47261
250,62282,5293,29960,282,304,10,355,320
251,26641,39,6928,219,21198,15,44669,42
252,196,0,8338,10206,8184,7164,43454,21040
253,1683,1435,40523,14818,134,1119,9708,29743
254,18365,520,31749,4725,11650,13678,14715,3514
255,19743,3556,15655,49274,8515,49,326,1830
256,12260,63449,747,892,4957,12839,1290,2593
257,45,33,0,0,18998,21629,36044,22264
258,67,321,14738,15962,19,62,57931,10052
259,526,302,45284,53001,0,0,0,2
260,6,2760,1817,17181,2320,21470,32701,21109
261,70354,21773,13,2,6063,938,11,0
262,310,56,374,18,9637,4897,23458,60659
263,217,886,2274,2965,2452,762,11497,77877
264,165,1,6,275,21193,52296,25552,187
265,15236,3816,22,52,43614,35671,804,130
266,13494,590,45090,28216,259,1215,9853,161
267,0,0,13931,0,276,0,85525,39
268,64976,156,13771,11381,2345,440,343,5963
269,16243,744,1722,58,64581,0,15940,13
270,2,68539,3,16,18930,10556,1430,286
271,47548,5186,262,284,3397,42378,30,101
272,2656,251,310,3,11666,84754,0,0
273,469,2440,13,19885,2872,57515,232,15753
274,130,0,0,0,9613,471,89636,0
275,0,1296,0,37,1330,89905,651,6299
276,15,42440,6,21314,1,33682,0,1549
277,1,6813,692,89265,0,832,69,1936
278,1,5596,150,47034,0,8974,98,37756
279,7,56195,5352,27010,0,10129,0,631
280,647,66,66319,24235,192,4,8045,6
281,22108,87,0,1,55336,21915,4,0
282,233,122,12380,44098,71,490,130,41744
283,291,61995,0,28555,1451,7030,0,0
284,1838,754,0,0,49071,47996,1,3
285,15,43419,3038,38091,0,12182,290,2193
286,13,7006,4491,78390,283,2264,1937,4809
287,95190,26,4060,8,512,0,0,0
288,1400,23,14740,2980,6650,0,73407,6
289,5527,10131,78502,4720,365,423,0,0
290,6128,23482,0,67463,1700,4,45,792
291,36586,8791,6990,199,31375,195,14709,0
292,3150,12701,8580,73561,4,4,1086,83
293,39005,39100,198,2236,53,14011,540,4199
294,32115,19800,2183,782,26707,16155,1121,286
295,69665,26326,1796,13,888,31,600,8
296,0,22,0,0,1397,5334,71166,21595
297,36,13,7705,7286,67,34,82573,1945
298,8824,503,44771,35016,3948,5254,52,402
299,124,15612,1600,16478,67,1607,24352,39006
300,0,14,0,4,35179,3901,39083,21138
301,5393,34104,7,41,9140,51027,0,0
302,23102,15689,17531,8,3378,7796,14311,16999
303,28916,34685,8,2,35590,296,19,0
304,239,1053,0,4912,3837,64678,1,24529
305,8113,2704,24092,17073,30934,10324,4192,1082
306,8,11,18514,3836,0,17,61925,14691
307,4410,18194,4441,13719,25822,17367,9042,5920
308,28533,56228,8,0,8990,5333,0,0
309,53565,6917,8597,9931,10031,9220,79,1100
310,102,0,68759,36,2594,1,28191,1
311,50803,31422,1999,5189,39,8141,42,1333
312,0,0,4,0,50,220,3347,96127
313,2103,78757,254,147,271,16450,487,863
314,2,336,2,81349,95,366,74,16992
315,30098,2284,3562,15,48588,4118,6482,4069
316,1944,2028,425,13489,15117,6267,265,59884
317,56096,41602,420,53,1153,64,87,1
318,7471,5608,14441,38716,18385,7638,3336,3253
319,0,227,8238,33175,14,47,23448,33667
320,8811,8444,11757,3279,37801,960,27054,579
321,6923,24144,7799,50206,882,6,7680,1110
322,15,0,345,41419,6930,4446,12256,34024
323,6920,8402,2417,6231,1,2743,236,72586
324,20,46521,4539,37812,609,5962,2442,1537
325,38670,21029,841,326,33362,2488,1380,1381
326,28473,853,389,347,69303,0,11,1
327,0,30106,41,39799,1,29449,0,319
328,25458,31731,878,5809,86,16123,297,18571
329,415,39,29975,432,215,31,67500,959
330,30721,455,30308,1205,16889,29,19496,0
331,0,30839,0,66496,2,2256,0,17
332,0,12,55815,43286,0,0,42,155
333,55858,1180,12056,373,29205,59,4,346
334,22975,15105,19083,38536,39,3407,0,0
335,27505,5,3107,0,12532,0,56329,1
336,18730,133,76890,4111,0,0,0,0
337,11,42,29,4,39597,59220,344,173
338,20806,20203,16969,41159,0,3,2,38
339,809,678,1845,1951,48107,40445,2960,2425
340,210,1,44182,1,2381,0,52208,577
341,217,7,18510,50049,28,4453,9261,16816
342,3,656,525,54335,0,745,167,42964
343,7541,87,6529,2396,59037,9294,12208,2153
344,0,17,24678,7233,0,5,66300,894
345,3,1,1777,0,21756,1,71414,4358
346,2468,829,18049,44888,7995,8469,5608,10480
347,875,148,857,197,23785,99,49209,24238
348,4989,12738,3569,62255,45,2946,977,11859
349,38228,318,47973,103,8803,47,3412,4
350,268,9381,204,0,588,66922,1227,20400
351,96,750,2757,4549,3539,49219,9571,28349
352,761,86632,514,0,5448,6149,180,0
353,5,31074,303,14,62,67313,702,322
354,19781,34675,10959,9616,3454,17488,1198,1207
355,0,44,248,26609,60,46,545,72049
356,16,0,33216,18983,4799,1,31776,10270
357,5573,75162,1015,5048,8094,2330,1886,234
358,13889,38637,499,42932,251,660,304,1795
359,299,3010,1665,1210,27,6743,373,86030
360,282,303,3728,10928,57438,6162,13260,6871
361,140,41826,25,56919,1,5,0,466
362,0,17489,9,14445,0,38081,920,28114
363,37,37135,2542,7598,7855,11840,25360,6817
364,4755,18837,0,6813,27212,29464,9345,2831
365,154,85,18,0,16260,57677,900,24332
366,1836,11945,1,4362,49834,13121,2375,16042
367,12558,51473,964,2,11903,19935,2489,94
368,10055,40208,0,8191,6175,31676,4,2355
369,408,8132,1145,19497,0,2528,0,67707
370,814,407,14110,1227,162,3374,41849,37057
371,36981,17000,308,2,40875,1178,2980,45
372,12216,25375,567,4829,43579,5610,6199,548
373,12666,61324,207,5771,62,18510,0,318
374,83498,9412,1043,32,4716,678,3,0
375,1226,15206,28290,53362,83,0,817,3
376,19863,68388,5343,4608,79,1,812,119
377,0,220,0,6,0,2640,90500,6460
378,31296,18686,24432,276,19866,383,4300,38
379,711,2581,876,2837,31286,30661,17333,12568
380,496,23767,10262,64415,0,118,33,98
381,0,0,33791,21141,111,107,40293,3769
382,6843,428,52359,166,39472,212,85,6
383,0,3702,0,25112,98,5754,4987,59410
384,0,11748,0,87231,3,141,156,510
385,69897,4443,18287,560,4764,221,650,486
386,0,0,3988,37654,1,11,3457,53861
387,44,6040,0,30943,65,48395,24,13872
388,19,84714,13,10974,57,3641,12,103
389,5,4568,7,82209,0,8505,993,3322
390,17656,58589,863,131,10830,3862,7351,29
391,3770,1169,20604,0,34,6,70393,3478
392,5913,12795,6982,41689,2290,581,22234,6332
393,88787,1710,224,300,7875,287,57,192
394,20628,6086,106,1957,1403,978,0,68416
395,24555,19432,2270,0,32320,20828,0,0
396,30,65,18,36,82798,5976,9604,869
397,11,440,59388,1145,0,2605,18910,17169
398,23,11198,8,2,4004,77897,5956,230
399,6918,1742,63016,15010,2049,0,9139,1024
400,84,2687,487,1,5997,78522,448,10855
401,915,83975,0,4,1287,13480,0,2
402,0,4943,2,88,0,31230,1,63202
403,27647,56234,781,10002,204,822,1003,1989
404,0,6719,2,12,0,58149,5487,29429
405,7,40,10,141,141,211,60404,37932
406,18700,2648,60744,6759,8227,455,1088,410
407,9,1,258,115,21,0,1186,98204
408,0,6889,0,3450,2143,29697,2233,54628
409,289,29,375,44,2898,3875,70226,21575
410,703,74552,125,11310,845,7219,1100,2711
411,0,8526,0,271,1037,73247,3279,12992
412,707,12430,52,5790,158,62128,0,17557
413,9280,38085,3290,22579,12471,4128,8945,142
414,64037,0,8009,5,26273,240,649,118
415,5078,7215,5467,6788,28867,16425,11678,16817
416,317,9271,195,25929,111,34622,29,28989
417,25699,0,50017,0,874,391,22440,2
418,15652,9929,1,9,16214,53852,3094,314
419,30894,72,10839,16,32191,231,23831,524
420,0,2120,0,242,26667,41688,8334,20010
421,16737,70470,1,806,4408,5813,4,1056
422,50037,936,45839,4,1832,11,735,4
423,10718,20714,14325,1397,3472,32695,4313,11140
424,41710,51761,2205,3939,0,7,79,10
425,45,33575,0,0,488,64808,20,586
426,47291,25334,14272,1098,845,4389,2685,2876
427,7883,93,66,0,13019,7,75827,2655
428,43538,95,17111,0,32238,659,5581,2
429,0,163,5225,85306,428,241,7385,733
430,416,81,1202,40,20652,14754,46165,16050
431,21854,1370,70264,729,3652,3,1346,0
432,9757,10,0,923,32230,162,28861,27664
433,2914,6586,7965,51483,836,4816,4326,20096
434,13860,72834,0,757,1262,10256,32,16
435,0,1,162,2550,11482,0,62592,22314
436,6186,64766,191,20840,361,1365,9,5477
437,0,0,628,42357,45,1857,7874,46435
438,11780,47628,1069,384,14776,21587,778,1310
439,5,633,0,42487,1447,11189,12968,30504
440,12407,1408,39020,31200,459,3,304,14031
441,0,53003,0,44792,5,381,1,1025
442,0,1527,2,119,276,93442,3434,886
443,80660,10446,45,1621,2195,4063,0,94
444,5889,3,4369,212,11537,64,75545,2163
445,5488,1537,111,161,65510,26008,439,90
446,4503,20711,4380,17646,5192,40020,746,5922
447,37791,18470,14254,71,1166,548,26469,591
448,1866,0,52187,17636,11349,0,15879,2
449,627,45,0,380,36847,22060,18696,20863
450,2709,481,1149,91091,24,0,27,4112
451,26055,1450,8501,16114,8860,5571,608,31727
452,19920,66893,9984,2759,0,0,0,0
453,1093,42,19782,8493,3151,23,65959,589
454,809,20629,50264,16505,228,1901,5335,3589
455,4461,1957,26465,8186,14275,2489,36258,5066
456,954,68,1673,25,2804,1019,87623,5279
457,2941,15262,8077,6901,5117,28560,25626,5512
458,50217,0,41664,4906,16,0,2239,624
459,1543,63,1,0,11000,11809,3240,71710
460,21877,3959,22997,19717,669,3070,11939,14609
461,789,87727,164,3590,894,5306,103,974
462,3584,0,28930,113,14062,0,39126,13149
463,12715,32522,19709,6571,8793,645,16392,1233
464,11831,10266,11922,13768,4173,9367,12494,24969
465,817,26660,1047,964,30871,33003,4732,944
466,868,19385,0,76357,572,2232,91,26
467,20487,562,2498,3,72870,709,2463,0
468,120,0,1879,43,6680,7,91096,63
469,1,428,3315,26654,33073,10079,8892,16759
470,2325,89366,3,1614,0,5009,0,1046
471,74925,8675,8197,11,1870,267,8,5370
472,3228,0,646,0,7977,5884,54672,27101
473,503,104,11294,12504,59,2878,2838,68926
474,15,81471,27,13388,9,0,159,4733
475,1719,27483,2577,53786,5986,5601,0,1988
476,5202,50855,3186,22465,91,2777,3654,10525
477,1269,582,13092,69227,6377,606,5661,2287
478,3314,23,92791,1980,748,239,469,150
479,3164,11687,2598,79000,625,880,647,321
480,110,505,17,586,6438,76461,77,15117
481,3079,10,8851,1523,34688,3309,42625,5328
482,53159,45612,437,158,0,1,5,17
483,29540,8648,48757,8779,2886,1,838,0
484,1,14119,1,2780,0,9307,0,73147
485,471,268,18135,719,16690,474,59955,2578
486,94,15,3098,20099,3672,105,62011,10264
487,17945,21557,4604,11923,29624,763,4302,8151
488,39321,8,1742,0,58685,4,8,0
489,40483,2846,16931,4113,33572,1122,0,105
490,20927,400,0,1009,65745,8629,0,2850
491,14,20108,8,9298,1,37365,375,31787
492,106,179,11836,1809,6399,2016,67251,9599
493,5741,7358,4858,6261,137,19205,25036,30075
494,3,1068,8,73,9663,9453,67650,11794
495,97,13357,20514,53334,0,5273,232,6029
496,11122,65451,28,17376,5557,104,1,0
497,32617,14356,29542,220,553,885,20720,14
498,23,17609,9,10344,943,60136,399,9552
499,75,66813,252,9629,0,7720,1934,12805
500,764,6775,3023,54,8199,11252,67405,1694
501,0,0,0,9,25245,56681,17460,77
502,0,0,60371,4115,67,0,33409,1650
503,77131,1,3333,2,16209,1,3033,9
504,23550,62209,39,13363,0,469,0,2
505,16149,36924,18245,2449,5598,789,16084,2436
506,2,2,578,21,4071,256,91341,3290
507,9849,20053,14422,39046,4875,8624,0,1866
508,10336,42593,545,142,7624,25926,2544,9480
509,1896,29429,0,2775,8100,29189,49,27440
510,251,0,9749,0,9695,0,76615,3232
511,30104,35290,15968,7665,286,5659,1019,3005
512,251,1178,641,84238,606,817,575,11273
513,149,0,187,15,76262,16578,6251,146
514,2920,756,15899,300,22162,203,56025,870
515,56,2337,4627,47648,7,0,42579,2049
516,2300,5575,41318,2667,1415,24711,16188,4967
517,37535,31499,7,5,23166,7133,21,75
518,70,854,3129,95777,2,0,1,0
519,0,0,23587,2442,179,5,40863,31872
520,9923,576,18511,168,29661,229,40455,221
521,2417,3486,58214,12851,13131,3293,5384,111
522,3614,3936,289,594,20626,63946,30,6051
523,43511,14409,44,891,16422,20856,549,2813
524,17097,35342,200,7435,12795,22718,0,3157
525,897,239,350,52849,850,2,6193,38036
526,24123,4662,45645,2,9115,3,15805,0
527,67281,32213,0,0,1,0,0,0
528,682,58997,121,28238,1460,5455,2362,1969
529,11795,638,32212,44,13,593,54051,22
530,1694,3756,21748,70040,233,3,1812,0
531,33672,159,449,11,64967,182,0,0
532,13,0,79211,1090,189,377,3470,15301
533,750,99,485,71,3423,29,65953,28716
534,133,26418,0,0,2842,49407,3239,17325
535,1801,92,61,0,9693,86589,748,395
536,44804,19484,22247,1691,271,5,10360,86
537,522,27194,12149,59697,11,46,56,0
538,164,179,33803,49425,3196,1234,357,11158
539,41923,900,51976,959,2771,333,0,396
540,30,5095,913,49775,1291,12252,3732,26027
541,97164,9,2521,42,47,0,6,0
542,10666,5454,20398,53201,63,299,75,8281
543,49101,3111,976,215,35167,693,7596,1541
544,20649,1019,1629,24112,0,10541,2152,38970
545,42327,37416,200,12453,1463,5149,79,64
546,6652,1064,256,3,1121,33199,34,57124
547,34480,3697,203,0,44027,15835,659,0
548,5992,39433,2109,15,20738,30695,172,91
549,91274,21,4148,922,1,0,3316,63
550,0,282,0,1901,86,93041,120,4309
551,2338,1659,1304,404,64284,7672,21698,59
552,31000,2884,2873,1937,46464,13605,0,291
553,62697,6332,25269,4414,44,0,793,2
554,0,59,28,484,0,87218,85,11844
555,2324,0,121,0,90864,64,5950,120
556,19266,1234,5125,2475,16812,40454,2772,10645
557,6431,1,8963,15157,1271,0,13161,54181
558,10409,0,11921,1298,7534,8503,34016,25110
559,12735,42362,3712,31461,0,453,136,7293
560,287,0,32932,3,17998,1640,42062,4266
561,241,1825,268,50856,3100,7922,998,34018
562,32396,7937,32201,12578,0,0,9815,3724
563,1238,47939,3260,7645,26,13467,635,25127
564,4430,1068,15630,71420,1,9,2830,4059
565,380,2182,9099,514,23328,30863,33037,74
566,62,22124,33,8958,0,12642,165,54912
567,964,24953,1,1998,40039,20820,10066,481
568,12047,85,82346,282,1456,2231,680,213
569,0,46109,429,11,180,48111,1535,2926
570,1542,26,23084,5940,0,3744,3010,61858
571,18,116,125,1685,32566,1763,46745,16071
572,2421,44317,199,50,23205,28260,466,586
573,46231,7758,141,515,42061,528,269,1360
574,7,791,43,213,20691,4343,73102,408
575,0,45182,5450,35426,0,10679,21,2687
576,1324,55,2502,115,7251,7,59348,28617
577,12765,86,14441,56404,5434,3527,10,6519
578,465,1,226,0,199,30,72494,26209
579,5995,86351,108,0,1001,4563,1486,0
580,2955,1,4443,62594,6487,0,22752,278
581,532,551,5425,24259,815,422,13573,53707
582,20,13,7663,80,3008,78,81057,7443
583,58,15014,2539,67754,0,7491,1475,4508
584,29403,30101,3422,34228,1521,0,3,7
585,0,5054,24858,64869,171,168,132,3896
586,1436,46,51,96,60682,5,37174,14
587,16090,0,56350,7503,0,0,18899,299
588,668,0,3270,4,9034,117,47989,38218
589,1902,2700,37950,41208,4932,305,5416,4299
590,21291,22544,2,3902,7147,21943,9279,12212
591,4568,3892,27699,484,16649,38670,6030,891
592,977,1512,19239,8366,7324,30454,8414,22570
593,96886,556,663,134,140,1444,0,33
594,53848,6369,2373,1150,11764,0,23768,16
595,2985,12,1211,5,50374,10943,31037,2641
596,42227,14025,254,41,32010,8659,2480,4
597,8159,3663,0,0,75512,11994,7,0
598,26693,6,8783,0,59418,73,4344,7
599,23293,202,74229,61,1190,15,438,0
600,0,10480,6963,36701,46,22078,297,22276
601,842,4977,269,21740,1416,9007,1463,59195
602,8772,46,85486,2511,1,230,1383,986
603,10498,2515,81935,4509,0,0,0,0
604,131,2,46925,9,44837,254,7422,1
605,12174,10703,74,230,58670,16573,745,19
606,5798,0,38071,1389,7695,190,46083,8
607,23023,53450,717,107,15365,6271,377,37
608,7,6666,504,18958,1,65844,0,7385
609,1421,96,93259,56,169,0,4657,0
610,3034,51978,9,44107,205,26,87,25
611,6233,3290,10170,65713,1540,3959,1684,6741
612,7301,31989,0,16282,15735,21877,662,5295
613,10792,2,28,1,86518,1436,769,3
614,564,5160,3,370,38487,28694,1473,24424
615,9376,11113,985,141,19170,25185,22137,10955
616,1529,19747,3056,6269,4483,56497,1823,5400
617,3310,5949,13,4105,51444,22640,314,11072
618,292,341,28800,3,106,1766,64184,3874
619,193,79,4975,0,93281,243,1039,1
620,77282,591,16899,3421,1178,7,0,396
621,309,1246,10,10503,5879,13147,1130,66854
622,2534,66,49676,1,3479,36,43624,183
623,2,7521,461,9084,12,23131,19402,39501
624,14704,40319,318,19660,11283,3535,2959,6305
625,721,446,0,0,45538,2534,50500,24
626,18589,469,20808,3134,39388,55,17010,12
627,34976,4430,11827,19367,2531,1424,21249,3448
628,57724,37479,2309,288,502,549,93,379
629,23641,838,15363,17895,19578,748,12942,7513
630,14924,0,84597,66,20,1,295,7
631,129,6098,288,21354,41870,23294,11,6109
632,431,40374,13105,30656,537,4165,4425,5347
633,1010,509,771,152,10345,7056,12618,66509
634,5487,8547,4749,69635,5887,2567,807,1164
635,470,697,194,534,29829,46702,10110,10756
636,95,1235,46,9252,0,4244,262,84543
637,26,1223,27802,27789,1,56,28246,14051
638,118,25,8098,247,9222,0,67437,14045
639,0,0,90359,4147,3,0,2958,2246
640,5518,37271,9946,11618,8616,8243,14838,2423
641,17,1,48953,12279,0,1,26020,11806
642,40,1214,0,0,24218,64066,6914,2866
643,36845,36620,5747,17867,1825,0,249,1
644,55371,5432,843,111,29333,7849,9,22
645,9134,692,49898,39021,293,155,113,45
646,308,8755,307,6842,2717,66859,1677,11257
647,83688,145,2230,1797,11612,0,0,11
648,5444,90190,0,1158,0,960,25,1859
649,0,25707,0,60828,0,981,0,11604
650,16314,80496,0,0,715,1950,0,0
651,10506,8603,47993,912,13854,3,17269,0
652,2,0,25055,33682,488,802,13549,25511
653,69,4320,7,1703,22456,56153,2,14682
654,25606,0,39886,56,1900,0,31746,0
655,332,10,13,16010,1202,4145,16201,61730
656,1759,136,68,0,27689,68596,467,985
657,26,0,3740,76176,1247,37,5250,12843
658,964,77950,277,0,202,20033,74,0
659,66446,15266,6192,7612,3172,436,34,10
660,354,32388,5,18548,518,40507,52,6936
661,25,406,112,98552,1,0,2,720
662,9764,43874,4439,22,7824,32910,192,1
663,1,319,395,1731,32863,21321,26030,16886
664,81,0,1620,0,62694,29270,5863,0
665,3,7468,1748,13115,3,21448,1249,54108
666,46,81,15453,807,0,0,83121,13
667,9007,0,64924,13627,7714,0,3985,0
668,45289,32372,5063,84,91,16570,0,111
669,809,1355,14677,81812,150,2,374,436
670,20103,2692,25567,2472,1587,3,44008,2644
671,0,0,10715,10192,0,1,72998,5474
672,5366,687,265,411,55094,37716,0,14
673,18,39737,67,56044,4,2671,3,605
674,0,32,0,112,1,48689,0,50941
675,2,0,840,134,34,8206,37380,52883
676,17090,0,14072,6,4305,9,64028,4
677,941,916,1939,2737,382,609,89832,1930
678,22656,1822,33027,1309,5472,8480,16455,9422
679,49349,10170,0,3263,27252,6650,134,2406
680,298,46266,67,46379,40,6378,6,0
681,76409,216,14640,2,7920,0,570,6
682,64,581,15,348,11,78757,7281,12376
683,1262,6600,39926,36637,2573,1,11271,850
684,0,27,0,61,11664,25418,946,61187
685,0,1069,8855,5338,3394,72958,5,7684
686,94,19,4913,1427,866,69,90767,1264
687,235,416,4642,59110,747,2337,4478,27173
688,2727,57083,0,15913,1,19381,0,4279
689,3504,35841,70,59655,0,0,0,0
690,17892,3230,62442,12352,905,884,351,1271
691,12708,15016,0,0,50909,20007,53,28
692,10338,10246,714,4610,60061,12151,352,672
693,463,208,4586,2243,35268,3341,47420,5560
694,168,19,8457,83409,68,1293,1955,4224
695,1014,1266,8001,62675,338,275,13351,12342
696,2,3,42752,8107,133,508,9324,38729
697,4057,317,6598,10131,300,558,49815,27407
698,35,3,7176,24081,160,0,25085,43130
699,1618,64230,3,28968,986,3718,0,0
700,19887,1,76826,2,19,1,3097,0
701,31438,10736,28083,27007,0,0,1,1577
702,17571,0,60970,112,19557,8,1037,115
703,9587,23633,3270,2086,15197,14246,18382,12264
704,62743,14592,281,1430,14774,4954,49,244
705,42,0,1974,1284,24493,34679,28833,7448
706,53233,5150,15442,10514,1,1502,11285,2055
707,7232,36395,311,1083,1336,31367,917,20428
708,268,7272,3,6523,26120,43467,0,15613
709,12108,83850,653,2548,15,255,0,263
710,0,326,0,28866,0,340,85,70001
711,24159,7511,7350,37807,80,4394,952,16644
712,1274,6005,59564,4614,136,0,27832,0
713,16,72,0,13,19762,30286,13671,35851
714,7857,1505,0,71,62185,6301,6111,15390
715,28,1738,23716,35018,28,16779,163,21572
716,1,74024,21,25652,2,0,4,1
717,6438,49444,5552,21092,7064,3956,4996,378
718,0,6952,1367,1767,0,10418,39175,39446
719,32227,2094,196,4,64463,42,2,0
720,1318,1260,17204,12369,4083,199,59225,3616
721,4091,1233,922,441,8,64592,9291,18929
722,5676,17,6643,130,85474,29,1659,93
723,1676,23332,90,71819,2097,550,3,2
724,633,328,72183,3726,44,51,14775,7395
725,5330,0,1717,0,44549,5651,41704,551
726,221,83660,1133,8631,0,5444,0,426
727,24,0,9637,85647,0,0,3113,1138
728,938,25281,0,0,810,72420,0,0
729,98,8098,1384,34880,12,45,29278,25711
730,191,156,280,355,1166,91665,1888,3661
731,104,3123,25,25250,72,9898,8202,52303
732,4960,6,86930,2118,1,0,3254,2301
733,4,596,1563,630,22299,31799,32809,9455
734,89868,0,5283,0,3796,10,310,129
735,14211,40838,45,116,14943,28683,615,0
736,52,37,4,1923,28690,57680,189,11020
737,2293,61392,0,16404,75,982,3840,14605
738,0,32621,2,66072,0,0,4,858
739,94615,1488,5,0,3549,28,0,0
740,12526,48,5558,1048,75695,266,1502,2553
741,11387,8897,762,0,60884,8679,7744,426
742,1416,56,2192,128,27241,53543,2739,11782
743,12,212,104,1896,148,429,7699,88943
744,23763,2115,21986,6819,44617,0,62,0
745,10184,76,549,0,27575,604,60138,12
746,147,15130,3173,45726,3,275,15,34799
747,15,79534,460,12946,86,1919,7,4542
748,8114,0,2221,0,31202,8,56512,1182
749,38,0,81569,0,87,0,17963,0
750,2548,13917,40540,34200,0,0,7347,634
751,11544,44194,879,0,2938,37993,1740,0
752,4788,1963,39369,45401,11,337,7364,96
753,2212,18,4834,12,72594,7108,12485,14
754,880,0,62482,0,229,1,33733,2162
755,20668,439,10300,2703,4503,11161,29572,19255
756,31351,8307,1586,32999,1006,14066,78,9768
757,46,0,143,0,59765,53,39656,0
758,3205,4243,5,38369,515,14786,182,37662
759,2128,23720,15719,14267,3106,22096,1448,16344
760,15149,1,76809,334,1063,4,5959,44
761,2968,29995,6721,3811,7815,30711,6672,9594
762,2868,8334,32199,27009,1340,22068,3332,1715
763,8657,20021,487,11461,24569,5264,28321,290
764,1159,8779,3933,11987,23099,16999,20258,12220
765,12,162,93,223,12125,41830,5795,38836
766,3977,418,77971,16967,0,0,0,0
767,160,0,4732,85480,1,0,40,9412
768,1759,326,981,118,37523,57496,340,152
769,4366,15423,34313,20003,0,138,24762,7
770,10750,1844,49664,1,2934,697,33418,0
771,65066,28762,109,943,45,4739,1,10
772,387,868,59,1,44732,37046,14780,1595
773,3,329,2232,399,13,18750,20298,57464
774,0,88,28,50723,23,2563,10870,35155
775,0,11332,18,65970,168,5341,1099,15105
776,38008,47113,1703,12427,73,124,5,2
777,25998,11386,7692,769,42630,9590,340,253
778,7531,43974,24508,6482,398,7767,7306,874
779,1777,20994,425,6714,7457,17611,19488,24075
780,6998,176,184,77,88909,3174,48,24
781,52,1,42742,55714,9,8,623,568
782,11076,13779,12561,723,29752,26864,2532,1310
783,8085,5288,750,26,32437,42784,3954,5514
784,0,0,0,8954,75,10782,5751,74089
785,26616,7050,159,1705,8248,50126,14,5123
786,74610,22288,215,1584,591,1,0,0
787,0,5,28568,36243,53,1,3700,30746
788,8515,22590,12,1916,916,6349,1645,57061
789,3574,5037,1905,794,72614,15341,14,242
790,592,9714,3780,45273,75,4109,24,35604
791,40314,38481,389,3214,11251,3767,9,1679
792,32662,1,58686,4838,2512,0,817,0
793,40621,45318,193,185,8786,4052,40,1
794,0,0,27,14,1410,96370,562,1350
795,99778,10,95,9,61,0,0,0
796,211,307,2218,474,65352,30682,312,1
797,17692,10821,326,2828,18590,19681,19734,8528
798,4126,2,30504,1635,2144,0,60751,184
799,5697,14795,1057,60526,628,2133,991,13536
800,53911,217,39887,3,4025,1179,0,0
801,0,0,1921,63,160,1185,47862,47948
802,0,610,2512,9275,20,7102,20499,58956
803,2,5152,0,30794,6939,5012,4534,46591
804,53889,22192,0,0,23329,89,0,3
805,2585,12659,26131,51591,1167,552,1712,2704
806,16826,27340,51120,756,2441,1063,1,5
807,16089,51860,6322,7989,1069,1356,4151,9525
808,641,1112,6116,3193,96,3689,49086,35029
809,0,3330,53174,37990,41,1286,1144,2494
810,0,138,97,2009,2021,563,24853,69822
811,3916,3884,903,22101,38864,29652,7,59
812,0,14108,0,70565,0,5199,0,9326
813,272,4,886,1,42607,884,54422,364
814,47401,17733,18364,6518,3978,4380,0,143
815,22510,26543,16414,18179,12127,599,2787,0
816,3,1343,4107,7475,0,2546,43486,40578
817,74265,3273,77,758,20215,250,171,278
818,9178,47493,593,443,0,37481,8,4048
819,22284,23004,35113,4035,7456,1725,5474,0
820,87891,1201,0,13,9336,1001,0,0
821,15,8666,15998,9202,1028,1613,60146,2314
822,7044,184,30770,86,55533,371,5415,4
823,10302,17478,17011,5280,28893,12014,7020,405
824,202,1517,74,342,61858,2463,31576,1678
825,15971,114,44689,11584,7307,411,7025,11941
826,14726,0,58130,0,11781,7,14453,1
827,10596,10744,1512,37855,454,2627,697,34706
828,99,1822,4025,71731,0,40,311,20990
829,264,74254,519,24622,2,0,68,1
830,23509,67,0,0,75827,119,34,3
831,33146,0,37530,0,14490,6759,7348,117
832,2837,27856,599,0,3,68031,0,0
833,76731,11145,10757,8,425,372,0,8
834,2016,4615,16,1526,9312,9563,35777,36371
835,6018,1852,1937,15517,26817,44164,109,2744
836,0,1,0,0,3645,9725,42359,43581
837,8,194,29105,9040,37,2707,30664,27102
838,53383,21802,16510,63,3001,4208,261,158
839,4,188,0,25,100,45585,13421,40190
840,0,4,665,90756,0,6,3602,4657
841,1445,894,528,585,18481,24569,29104,22902
842,4,7009,0,20,34,90328,2,2172
843,22983,21673,19621,19765,10955,1088,2644,201
844,39414,20120,35273,545,1315,2452,3,33
845,0,1,5,54,0,0,50151,49666
846,432,806,18,91,6977,16616,72530,2011
847,521,6,42,4,28513,70329,37,29
848,1196,14319,110,3,27662,56328,0,1
849,3254,0,3755,1504,448,47,50989,39679
850,483,0,3095,185,2412,52451,3700,36901
851,471,674,2,5,67512,9305,10723,10646
852,20647,74349,0,0,1621,2583,0,0
853,3,0,28,36,88163,5254,3418,2880
854,685,1038,91678,125,3777,1919,31,413
855,90,18353,61,48139,1497,22333,5518,3029
856,1,1290,1,26756,11898,45956,645,12281
857,69,69,34,7,5006,57831,16305,19899
858,2635,73264,1795,21035,0,386,0,0
859,6117,3202,41459,30509,0,343,16393,1005
860,297,430,18,35,576,19865,0,78393
861,77592,9648,4975,4864,16,334,193,1639
862,87579,6052,6,15,5373,42,310,142
863,3,1530,608,4151,54904,39,37569,530
864,22577,1996,2030,2525,17740,38266,5928,7275
865,0,295,5,1109,24,3106,2056,92919
866,0,0,58489,5277,22480,8,12937,105
867,3,46,1496,7,338,1621,94109,2081
868,145,621,73155,10711,50,196,12343,1873
869,31477,25087,4802,12719,11987,3919,5015,3409
870,4226,9,0,3,72306,22641,178,76
871,801,156,2727,26248,87,0,56,69425
872,232,310,1770,9117,67949,2337,8134,9436
873,5,0,458,10311,21,319,28133,60279
874,29,0,338,0,9204,1353,65410,22707
875,13472,618,3644,3642,38542,12904,23151,2993
876,414,0,425,0,63306,5535,28925,755
877,257,0,2312,1646,209,0,2886,92163
878,380,42590,36,19614,359,2038,104,34306
879,19818,1638,52372,202,5330,3,19285,157
880,26452,128,6220,85,60311,339,5338,0
881,16185,565,23768,1815,4817,2143,19676,29835
882,8113,89704,1465,8,0,55,4,318
883,28,30,371,483,1148,16985,4607,75740
884,805,36804,3322,34290,0,12828,402,10408
885,13634,582,48147,388,721,1,30889,4820
886,793,91627,250,2694,156,4179,0,7
887,346,44242,1,29086,2299,23001,1,46
888,22,15242,4,84299,16,125,0,0
889,16841,610,18969,0,4165,281,58572,5
890,1229,211,15,84,53007,11235,28465,5117
891,594,151,4766,8,358,0,93712,0
892,7486,76077,1547,722,130,6989,0,6557
893,6373,5581,2670,11630,2181,10,29325,41558
894,4,0,4878,279,0,0,88745,5639
895,32249,1979,0,0,53128,11760,1,1
896,194,5628,39,8103,41,22339,970,61738
897,1,89,0,5,30,66281,0,33383
898,37187,0,54514,2535,0,2,3460,1746
899,738,0,17766,118,49648,5631,16710,8557
900,408,1253,1587,6117,26225,13817,14086,35679
901,43018,225,639,10,55636,16,20,0
902,63141,973,11628,4865,17915,61,656,118
903,3896,49654,2853,6574,1627,31568,2661,192
904,46,1921,4781,16728,43,18531,4122,52784
905,22673,6279,564,3913,195,63928,31,1843
906,5937,6554,0,41,64134,15911,1940,4596
907,2707,86723,6378,3616,42,0,7,0
908,713,10,263,25,88177,5719,4737,0
909,1049,4158,2021,4596,329,17837,528,68438
910,140,5184,148,39809,7,28,29,54104
911,5427,7128,671,0,72506,8920,1901,2674
912,8049,3,39256,45424,475,0,3648,2459
913,8033,1707,71692,3349,1712,57,12371,38
914,0,3528,25,4008,626,56312,2461,32376
915,2740,260,57858,5173,2066,11,23038,8268
916,526,10,212,10,95473,1812,1106,539
917,17,52822,375,10157,0,27271,0,8782
918,71207,21035,546,6169,124,4,333,1
919,1,19401,0,17348,4,17595,9373,34842
920,178,0,6,33,81601,16720,923,41
921,23966,10523,35613,28822,0,269,0,0
922,260,11325,30880,51716,0,0,1,5300
923,6288,52375,21840,10500,577,7175,129,192
924,0,7251,477,23814,10,3571,2620,61524
925,11,132,63,28,17564,78415,130,3200
926,36375,1954,31785,32,15004,7104,2993,3726
927,61961,10617,0,30,9444,17045,0,274
928,253,0,1,1,19361,4258,73959,1881
929,1786,4678,713,13207,8610,5,66118,4266
930,11478,2932,34435,48182,6,581,3,1380
931,33,1509,1,5,1849,51419,113,44410
932,32166,37298,8519,19593,470,202,518,306
933,2489,2268,41971,5285,557,3,47147,0
934,57,89201,412,3463,9,2574,12,3872
935,34485,23375,941,4524,16116,6199,6882,6079
936,86728,10,2695,78,26,2,10108,186
937,1089,48967,9298,28223,1128,9447,0,815
938,19312,15172,25,7,48725,15853,5,0
939,7210,5971,36612,5104,15031,10628,9784,8467
940,1,0,10,36,2904,327,96401,95
941,11,89,1501,96848,131,81,680,377
942,283,55628,198,1528,895,584,37538,2954
943,0,0,0,66,90,10373,33808,55351
944,14240,74901,0,413,121,7031,0,2754
945,0,1668,59500,37965,0,2,3,13
946,66,7609,0,35,52514,34304,5034,2
947,2821,0,24452,39,49468,636,20978,1158
948,321,0,23746,36079,391,0,24703,13776
949,255,20917,9429,15033,1184,2702,33333,16262
950,0,1,0,1,1854,38927,1194,57707
951,556,1865,1221,943,6215,5875,54705,27429
952,2342,1299,94556,1488,124,62,0,0
953,2935,10496,3822,6610,37002,76,37740,539
954,932,37564,8,57829,104,1537,317,949
955,0,42,0,1,40417,2895,53383,2860
956,24515,25790,21280,4535,5925,16820,7,61
957,685,230,1,0,68163,30566,13,17
958,6639,29,82,0,86413,6360,0,0
959,106,136,91791,7515,0,0,61,62
960,2,500,121,30808,227,45502,28,22383
961,75226,730,22144,1,368,0,1088,4
962,3609,6,68187,10845,195,16,4916,11135
963,22756,17379,31518,16454,101,9722,51,1054
964,656,374,3361,21421,0,14,683,72583
965,2179,6347,1063,873,14127,38276,20171,15581
966,1529,2458,18353,0,17577,890,52998,5361
967,16014,12106,33033,2956,3515,5034,11833,14610
968,55636,11085,1526,1525,24141,351,3414,1113
969,29743,20046,28009,174,89,765,19356,1233
970,47797,42739,0,6,4241,3599,38,995
971,10357,0,56931,0,5380,0,26689,81
972,1062,5583,10759,17375,4774,4513,8620,46246
973,604,21,12080,50801,3507,872,3191,28274
974,27762,54547,107,4,16795,2,248,0
975,11296,29388,4206,46120,1085,213,3794,2686
976,17611,64611,122,12410,651,3826,25,61
977,198,15586,0,45256,5015,752,1038,31624
978,49759,1492,9,430,39868,6241,745,625
979,20,4,1,135,47570,272,47761,3768
980,28573,314,12662,1,10180,23135,2012,22207
981,439,3,964,65,99,20,39368,58589
982,277,34,44414,45554,66,29,6968,1496
983,228,404,70179,22091,809,84,5322,150
984,29,1114,1,862,8,508,8707,88432
985,22842,9,2873,128,42874,0,30660,1
986,20,2,69672,5,7,3,29751,25
987,9,0,1903,62100,0,0,359,35363
988,6144,4527,2039,8592,16351,21423,30552,8834
989,19992,37864,5,54,35303,5983,30,41
990,33107,57335,730,1366,3026,1,3177,743
991,98,42932,765,33114,1,19526,20,2489
992,18974,3530,59976,14296,0,27,2130,62
993,2460,3024,61489,32320,1,0,23,3
994,404,0,9748,31151,605,2,8526,48683
995,50,2221,144,3220,27,12852,491,80331
996,3920,0,41879,0,19365,45,34036,0
997,1549,61310,571,0,23512,11263,1303,0
998,1149,457,4057,1077,92,10172,34793,47377
999,136,41,51399,2495,1108,1122,39849,3395
